System family,posix
System,Linux
Version,5.0.8-200.fc29.x86_64
Python,3.7
Path to interpret,/usr/bin/python3

Name,Component analysis,Stack analysis,Python payload,Maven payload,NPM payload,Improper payload,Mix payloads,Check responses,Export responses,Comment
component analysis light load,10,0,yes,no,no,no,no,no,no,component analysis tests with light load

Start time,1557144296.5385678
End time,1557144298.095792
Duration,1.5572242736816406

#,Test name,Method,Ecosystem,Package,Version,Manifest,Thread#,Status code,Start time,End time,Duration
1,component_analysis,GET,pypi,numpy,1.11.2rc1gc,N/A,3,202,1557144296.5497499,1557144297.1917944,0.6420445442199707
2,component_analysis,GET,pypi,pyglet,1.2.4b1,N/A,8,202,1557144296.5675294,1557144297.2069955,0.6394660472869873
3,component_analysis,GET,pypi,flask,0.12.3,N/A,0,200,1557144296.5394595,1557144297.2077982,0.6683387756347656
4,component_analysis,GET,pypi,pygame,1.9.2b1gc,N/A,7,202,1557144296.5637686,1557144297.3817308,0.8179621696472168
5,component_analysis,GET,pypi,pygame,1.9.3,N/A,6,200,1557144296.5603406,1557144297.3926082,0.8322675228118896
6,component_analysis,GET,pypi,scipy,0.16.1,N/A,4,200,1557144296.5531461,1557144297.4269733,0.8738272190093994
7,component_analysis,GET,pypi,pyglet,1.2.0rc2gc,N/A,9,202,1557144296.5707324,1557144297.7921615,1.2214291095733643
8,component_analysis,GET,pypi,flask,0.2,N/A,1,200,1557144296.5432396,1557144297.8030035,1.2597639560699463
9,component_analysis,GET,pypi,scipy,0.12.1,N/A,5,200,1557144296.5565352,1557144297.9972298,1.4406945705413818
10,component_analysis,GET,pypi,numpy,1.13.1,N/A,2,200,1557144296.5466862,1557144298.0939264,1.5472402572631836
