System family,posix
System,Linux
Version,5.0.10-200.fc29.x86_64
Python,3.7
Path to interpret,/usr/bin/python3

Name,Component analysis,Stack analysis,Python payload,Maven payload,NPM payload,Improper payload,Mix payloads,Check responses,Export responses,Comment
component analysis light load,10,0,yes,no,no,no,no,no,no,component analysis tests with light load

Start time,1557152340.9471564
End time,1557152350.5985217
Duration,9.651365280151367

#,Test name,Method,Ecosystem,Package,Version,Manifest,Thread#,Status code,Start time,End time,Duration
1,component_analysis,GET,pypi,pygame,1.8.1,N/A,7,202,1557152340.9734137,1557152341.6039143,0.6305005550384521
2,component_analysis,GET,pypi,scipy,0.14.1rc1.dev-52fb336,N/A,5,200,1557152340.9665189,1557152341.7335763,0.7670574188232422
3,component_analysis,GET,pypi,scipy,1.2.1,N/A,3,200,1557152340.9597347,1557152341.746935,0.7872002124786377
4,component_analysis,GET,pypi,pyglet,1.3.0rc1,N/A,8,200,1557152340.9773283,1557152341.7630265,0.7856981754302979
5,component_analysis,GET,pypi,pygame,1.9.2rc1gc,N/A,6,202,1557152340.9702091,1557152341.8585274,0.8883183002471924
6,component_analysis,GET,pypi,numpy,1.13.3,N/A,1,200,1557152340.9523566,1557152341.971727,1.0193703174591064
7,component_analysis,GET,pypi,scipy,0.16.1,N/A,4,200,1557152340.9630969,1557152342.0082235,1.0451266765594482
8,component_analysis,GET,pypi,numpy,1.12.1rc1gc,N/A,2,202,1557152340.9560156,1557152342.1523364,1.1963207721710205
9,component_analysis,GET,pypi,pyglet,1.2.3a2,N/A,9,200,1557152340.9811494,1557152343.0503306,2.069181203842163
10,component_analysis,GET,pypi,numpy,1.15.4,N/A,0,200,1557152340.9484441,1557152350.5966299,9.648185729980469
