System family,posix
System,Linux
Version,5.0.10-200.fc29.x86_64
Python,3.7
Path to interpret,/usr/bin/python3

Name,Component analysis,Stack analysis,Python payload,Maven payload,NPM payload,Improper payload,Mix payloads,Check responses,Export responses,Comment
component analysis light load,10,0,yes,no,no,no,no,no,no,component analysis tests with light load

Start time,1557149441.1020482
End time,1557149452.8457227
Duration,11.743674516677856

#,Test name,Method,Ecosystem,Package,Version,Manifest,Thread#,Status code,Start time,End time,Duration
1,component_analysis,GET,pypi,numpy,1.12.0rc1gc,N/A,4,202,1557149441.112163,1557149441.810272,0.6981089115142822
2,component_analysis,GET,pypi,flask,1.0.2,N/A,1,200,1557149441.1053069,1557149441.929159,0.8238520622253418
3,component_analysis,GET,pypi,scipy,1.1.0rc1,N/A,5,200,1557149441.1138995,1557149442.001042,0.8871424198150635
4,component_analysis,GET,pypi,scipy,0.12.0,N/A,6,200,1557149441.1158357,1557149442.0880744,0.9722387790679932
5,component_analysis,GET,pypi,ansicolors,1.0,N/A,0,200,1557149441.102718,1557149442.3798435,1.277125358581543
6,component_analysis,GET,pypi,pygame,1.9.6rc1,N/A,7,200,1557149441.1176066,1557149442.8901877,1.7725811004638672
7,component_analysis,GET,pypi,pyglet,1.3.2,N/A,8,200,1557149441.1193383,1557149443.740503,2.6211647987365723
8,component_analysis,GET,pypi,flask,0.7.1,N/A,2,200,1557149441.1077263,1557149443.9340804,2.8263540267944336
9,component_analysis,GET,pypi,pyglet,1.2.1,N/A,9,200,1557149441.1210823,1557149447.3832922,6.262209892272949
10,component_analysis,GET,pypi,numpy,1.15.0rc1,N/A,3,200,1557149441.1101277,1557149452.8445454,11.73441767692566
