System family,posix
System,Linux
Version,5.0.8-200.fc29.x86_64
Python,3.7
Path to interpret,/usr/bin/python3

Name,Component analysis,Stack analysis,Python payload,Maven payload,NPM payload,Improper payload,Mix payloads,Check responses,Export responses,Comment
component analysis light load,10,0,yes,no,no,no,no,no,no,component analysis tests with light load

Start time,1557152415.6703608
End time,1557152446.2164059
Duration,30.546045064926147

#,Test name,Method,Ecosystem,Package,Version,Manifest,Thread#,Status code,Start time,End time,Duration
1,component_analysis,GET,pypi,pyglet,1.2.3a2,N/A,6,200,1557152415.685713,1557152416.2331622,0.5474491119384766
2,component_analysis,GET,pypi,pyglet,1.0beta2,N/A,7,202,1557152415.6907277,1557152416.2538831,0.5631554126739502
3,component_analysis,GET,pypi,pygame,1.9.2.dev1,N/A,5,200,1557152415.6835673,1557152416.454096,0.7705287933349609
4,component_analysis,GET,pypi,scipy,1.1.0rc1,N/A,2,200,1557152415.6757462,1557152416.6353662,0.9596199989318848
5,component_analysis,GET,pypi,requests,2.12.1,N/A,9,200,1557152415.6945724,1557152416.6665313,0.9719588756561279
6,component_analysis,GET,pypi,scipy,0.14.1rc1,N/A,3,200,1557152415.6791477,1557152416.710592,1.0314443111419678
7,component_analysis,GET,pypi,scipy,0.4.4,N/A,4,202,1557152415.6813946,1557152444.949661,29.268266439437866
8,component_analysis,GET,pypi,numpy,1.11.2,N/A,1,504,1557152415.674507,1557152446.2097414,30.535234451293945
9,component_analysis,GET,pypi,numpy,1.15.0rc1,N/A,0,504,1557152415.6710458,1557152446.2122738,30.54122805595398
10,component_analysis,GET,pypi,requests,2.16.2,N/A,8,504,1557152415.6933675,1557152446.2154307,30.52206325531006
