System family,posix
System,Linux
Version,5.0.8-200.fc29.x86_64
Python,3.7
Path to interpret,/usr/bin/python3

Name,Component analysis,Stack analysis,Python payload,Maven payload,NPM payload,Improper payload,Mix payloads,Check responses,Export responses,Comment
component analysis light load,10,0,yes,no,no,no,no,no,no,component analysis tests with light load

Start time,1557145399.2413824
End time,1557145407.8063924
Duration,8.565010070800781

#,Test name,Method,Ecosystem,Package,Version,Manifest,Thread#,Status code,Start time,End time,Duration
1,component_analysis,GET,pypi,pygame,1.9.2,N/A,6,202,1557145399.2562127,1557145399.8730319,0.6168191432952881
2,component_analysis,GET,pypi,scipy,1.0.0rc2,N/A,4,202,1557145399.2518957,1557145399.8833747,0.631479024887085
3,component_analysis,GET,pypi,numpy,1.11.0rc2gc,N/A,3,202,1557145399.250153,1557145400.076843,0.8266899585723877
4,component_analysis,GET,pypi,scipy,0.12.0,N/A,5,200,1557145399.2537103,1557145400.146942,0.8932316303253174
5,component_analysis,GET,pypi,numpy,1.14.3,N/A,2,200,1557145399.2484403,1557145400.2092946,0.9608542919158936
6,component_analysis,GET,pypi,flask,0.12.4,N/A,0,202,1557145399.2425618,1557145400.2580602,1.015498399734497
7,component_analysis,GET,pypi,pyglet,1.0beta3gc,N/A,8,202,1557145399.259459,1557145400.3046534,1.045194387435913
8,component_analysis,GET,pypi,requests,2.18.1,N/A,9,200,1557145399.2609746,1557145401.026751,1.7657763957977295
9,component_analysis,GET,pypi,pyglet,1.2.4b1,N/A,7,200,1557145399.2578406,1557145401.0893185,1.8314778804779053
10,component_analysis,GET,pypi,flask,0.3.1,N/A,1,200,1557145399.246673,1557145407.8051252,8.558452129364014
