System family,posix
System,Linux
Version,5.0.8-200.fc29.x86_64
Python,3.7
Path to interpret,/usr/bin/python3

Name,Component analysis,Stack analysis,Python payload,Maven payload,NPM payload,Improper payload,Mix payloads,Check responses,Export responses,Comment
component analysis light load,10,0,yes,no,no,no,no,no,no,component analysis tests with light load

Start time,1557149502.8394082
End time,1557149533.3993385
Duration,30.559930324554443

#,Test name,Method,Ecosystem,Package,Version,Manifest,Thread#,Status code,Start time,End time,Duration
1,component_analysis,GET,pypi,pyglet,1.2.3b1gc,N/A,5,202,1557149502.852011,1557149503.4550567,0.6030457019805908
2,component_analysis,GET,pypi,dash,0.36.0,N/A,9,200,1557149502.859053,1557149503.6421585,0.7831056118011475
3,component_analysis,GET,pypi,pygame,1.9.5rc2gc,N/A,3,202,1557149502.8479831,1557149503.8443139,0.996330738067627
4,component_analysis,GET,pypi,requests,2.17.3,N/A,6,200,1557149502.853724,1557149503.9661417,1.1124176979064941
5,component_analysis,GET,pypi,scipy,0.19.1,N/A,1,200,1557149502.843721,1557149504.042243,1.1985220909118652
6,component_analysis,GET,pypi,requests,2.9.0,N/A,8,200,1557149502.8574436,1557149504.3075008,1.4500572681427002
7,component_analysis,GET,pypi,numpy,1.12.0b1,N/A,0,200,1557149502.8407686,1557149507.9703183,5.129549741744995
8,component_analysis,GET,pypi,requests,2.15.1,N/A,7,200,1557149502.8558064,1557149508.8947861,6.038979768753052
9,component_analysis,GET,pypi,scipy,0.9.0,N/A,2,200,1557149502.8459244,1557149523.5510013,20.705076932907104
10,component_analysis,GET,pypi,pygame,1.9.2b8,N/A,4,504,1557149502.8499994,1557149533.398038,30.548038482666016
