System family,posix
System,Linux
Version,5.0.10-200.fc29.x86_64
Python,3.7
Path to interpret,/usr/bin/python3

Name,Component analysis,Stack analysis,Python payload,Maven payload,NPM payload,Improper payload,Mix payloads,Check responses,Export responses,Comment
component analysis light load,10,0,yes,no,no,no,no,no,no,component analysis tests with light load

Start time,1557151847.400383
End time,1557151877.9286785
Duration,30.528295516967773

#,Test name,Method,Ecosystem,Package,Version,Manifest,Thread#,Status code,Start time,End time,Duration
1,component_analysis,GET,pypi,six,1.4.1,N/A,0,200,1557151847.4010382,1557151848.0067673,0.6057291030883789
2,component_analysis,GET,pypi,pygame,1.9.5.dev0,N/A,7,200,1557151847.4263442,1557151848.3101032,0.8837590217590332
3,component_analysis,GET,pypi,scipy,0.13.1,N/A,6,200,1557151847.4228697,1557151848.3538294,0.9309597015380859
4,component_analysis,GET,pypi,pyglet,1.2.4,N/A,9,200,1557151847.430734,1557151848.389441,0.9587070941925049
5,component_analysis,GET,pypi,flask,0.10.1,N/A,2,200,1557151847.409839,1557151849.3577495,1.9479105472564697
6,component_analysis,GET,pypi,numpy,1.16.0rc1gc,N/A,3,202,1557151847.4130259,1557151853.126254,5.713228225708008
7,component_analysis,GET,pypi,pygame,1.8.0,N/A,8,202,1557151847.4282951,1557151853.30623,5.87793493270874
8,component_analysis,GET,pypi,scipy,1.2.0rc1,N/A,5,200,1557151847.4191937,1557151853.3925555,5.9733617305755615
9,component_analysis,GET,pypi,flask,1.0,N/A,1,200,1557151847.4023502,1557151857.9104729,10.508122682571411
10,component_analysis,GET,pypi,numpy,1.12.0rc2,N/A,4,504,1557151847.4168499,1557151877.9280064,30.51115655899048
