System family,posix
System,Linux
Version,5.0.8-200.fc29.x86_64
Python,3.7
Path to interpret,/usr/bin/python3

Name,Component analysis,Stack analysis,Python payload,Maven payload,NPM payload,Improper payload,Mix payloads,Check responses,Export responses,Comment
component analysis light load,10,0,yes,no,no,no,no,no,no,component analysis tests with light load

Start time,1557142502.5759628
End time,1557142533.1476402
Duration,30.571677446365356

#,Test name,Method,Ecosystem,Package,Version,Manifest,Thread#,Status code,Start time,End time,Duration
1,component_analysis,GET,pypi,pyglet,1.2.4b1,N/A,5,202,1557142502.5884519,1557142503.1867318,0.5982799530029297
2,component_analysis,GET,pypi,scipy,0.19.1,N/A,2,200,1557142502.5831416,1557142503.244745,0.6616034507751465
3,component_analysis,GET,pypi,scipy,0.12.1,N/A,3,200,1557142502.584915,1557142503.3509746,0.7660596370697021
4,component_analysis,GET,pypi,dash,0.35.0,N/A,9,202,1557142502.5952597,1557142503.5895705,0.9943108558654785
5,component_analysis,GET,pypi,pygame,1.9.2b8,N/A,4,200,1557142502.586664,1557142503.5903492,1.0036852359771729
6,component_analysis,GET,pypi,numpy,1.13.0rc1,N/A,0,200,1557142502.577097,1557142503.6778574,1.1007604598999023
7,component_analysis,GET,pypi,numpy,1.11.0,N/A,1,200,1557142502.5813172,1557142504.138424,1.5571067333221436
8,component_analysis,GET,pypi,requests,2.19.0,N/A,6,200,1557142502.590428,1557142506.4995947,3.9091665744781494
9,component_analysis,GET,pypi,requests,2.6.2,N/A,8,200,1557142502.5936258,1557142506.9011405,4.307514667510986
10,component_analysis,GET,pypi,requests,2.14.2,N/A,7,504,1557142502.592041,1557142533.146283,30.55424189567566
