System family,posix
System,Linux
Version,5.0.8-200.fc29.x86_64
Python,3.7
Path to interpret,/usr/bin/python3

Name,Component analysis,Stack analysis,Python payload,Maven payload,NPM payload,Improper payload,Mix payloads,Check responses,Export responses,Comment
component analysis light load,10,0,yes,no,no,no,no,no,no,component analysis tests with light load

Start time,1557148830.9394822
End time,1557148861.4807284
Duration,30.54124617576599

#,Test name,Method,Ecosystem,Package,Version,Manifest,Thread#,Status code,Start time,End time,Duration
1,component_analysis,GET,pypi,scipy,0.17.0,N/A,1,200,1557148830.944613,1557148831.5200853,0.575472354888916
2,component_analysis,GET,pypi,requests,2.20.1,N/A,8,200,1557148830.9616578,1557148831.549185,0.5875272750854492
3,component_analysis,GET,pypi,scipy,0.9.0,N/A,2,200,1557148830.9460483,1557148831.6485069,0.7024586200714111
4,component_analysis,GET,pypi,pygame,1.9.2b3,N/A,5,202,1557148830.9561024,1557148831.6641,0.7079975605010986
5,component_analysis,GET,pypi,pyglet,1.1.4,N/A,7,200,1557148830.9605834,1557148831.8508809,0.8902974128723145
6,component_analysis,GET,pypi,scipy,0.14.1rc1.dev-205726a,N/A,3,200,1557148830.948753,1557148831.858786,0.9100329875946045
7,component_analysis,GET,pypi,pyglet,1.3.2,N/A,6,200,1557148830.9579947,1557148832.058971,1.1009762287139893
8,component_analysis,GET,pypi,numpy,1.11.3,N/A,0,200,1557148830.9407415,1557148832.1641707,1.2234292030334473
9,component_analysis,GET,pypi,pygame,1.9.2,N/A,4,202,1557148830.954104,1557148836.3738017,5.4196977615356445
10,component_analysis,GET,pypi,requests,2.18.1,N/A,9,504,1557148830.9647138,1557148861.478796,30.514082193374634
