System family,posix
System,Linux
Version,5.0.8-200.fc29.x86_64
Python,3.7
Path to interpret,/usr/bin/python3

Name,Component analysis,Stack analysis,Python payload,Maven payload,NPM payload,Improper payload,Mix payloads,Check responses,Export responses,Comment
component analysis light load,10,0,yes,no,no,no,no,no,no,component analysis tests with light load

Start time,1557151650.7273712
End time,1557151681.2993703
Duration,30.571999073028564

#,Test name,Method,Ecosystem,Package,Version,Manifest,Thread#,Status code,Start time,End time,Duration
1,component_analysis,GET,pypi,scipy,0.15.0,N/A,7,200,1557151650.7422276,1557151651.397631,0.6554033756256104
2,component_analysis,GET,pypi,scipy,0.18.0,N/A,6,200,1557151650.7407,1557151651.4563618,0.7156617641448975
3,component_analysis,GET,pypi,numpy,1.16.3,N/A,2,200,1557151650.7329142,1557151651.6080651,0.8751509189605713
4,component_analysis,GET,pypi,pygame,1.9.5,N/A,8,200,1557151650.7437596,1557151651.7412944,0.9975347518920898
5,component_analysis,GET,pypi,ansicolors,1.1.8,N/A,0,200,1557151650.7285554,1557151651.7925344,1.063978910446167
6,component_analysis,GET,pypi,scipy,1.0.1,N/A,5,200,1557151650.7389224,1557151652.07018,1.3312575817108154
7,component_analysis,GET,pypi,flask,0.12.1,N/A,1,200,1557151650.7308357,1557151652.0711727,1.3403370380401611
8,component_analysis,GET,pypi,pygame,1.9.2rc1gc,N/A,9,202,1557151650.7452316,1557151652.1786947,1.4334630966186523
9,component_analysis,GET,pypi,numpy,1.13.0,N/A,3,200,1557151650.7349503,1557151652.4320152,1.6970648765563965
10,component_analysis,GET,pypi,numpy,1.12.0b1,N/A,4,504,1557151650.7370596,1557151681.2977426,30.560683012008667
