System family,posix
System,Linux
Version,5.0.10-200.fc29.x86_64
Python,3.7
Path to interpret,/usr/bin/python3

Name,Component analysis,Stack analysis,Python payload,Maven payload,NPM payload,Improper payload,Mix payloads,Check responses,Export responses,Comment
normal,5,5,yes,yes,yes,yes,yes,no,no,set of normal tests

Start time,1557145270.5531929
End time,1557145288.2300062
Duration,17.67681336402893

#,Test name,Method,Ecosystem,Package,Version,Manifest,Thread#,Status code,Start time,End time,Duration
1,component_analysis,GET,maven,org.python:jython,2.7.0,N/A,3,200,1557145270.5664344,1557145271.2266707,0.6602363586425781
2,component_analysis,GET,npm,mocha,3.2.0,N/A,0,200,1557145270.5546567,1557145271.2270489,0.6723921298980713
3,component_analysis,GET,maven,io.vertx:vertx-stack,3.5.2.CR1,N/A,1,202,1557145270.55929,1557145271.421321,0.8620309829711914
4,component_analysis,GET,pypi,numpy,1.15.0rc1,N/A,2,200,1557145270.562874,1557145271.6973798,1.1345057487487793
5,component_analysis,GET,pypi,numpy,1.12.0rc1gc,N/A,4,202,1557145270.5698988,1557145271.8067486,1.2368497848510742
6,stack_analysis,POST,npm,N/A,N/A,jquery.json,1,200,1557145270.5806391,1557145271.5004985,0.9198594093322754
7,stack_analysis,GET,npm,N/A,N/A,jquery.json,1,200,1557145271.5004985,1557145272.006398,0.5058994293212891
8,stack_analysis,POST,npm,N/A,N/A,jquery.json,3,200,1557145270.5915651,1557145271.8060675,1.2145023345947266
9,stack_analysis,GET,npm,N/A,N/A,jquery.json,3,200,1557145271.8060675,1557145272.3397045,0.5336370468139648
10,stack_analysis,POST,npm,N/A,N/A,dependency_emitter_component.json,2,200,1557145270.5858033,1557145271.9867566,1.4009532928466797
11,stack_analysis,GET,npm,N/A,N/A,dependency_emitter_component.json,2,200,1557145271.9867566,1557145272.5235224,0.5367658138275146
12,stack_analysis,POST,pypi,N/A,N/A,pyglet_latest.txt,4,200,1557145270.5965552,1557145271.8115227,1.2149674892425537
13,stack_analysis,GET,pypi,N/A,N/A,pyglet_latest.txt,4,200,1557145271.8115227,1557145288.0354505,16.22392773628235
14,stack_analysis,POST,pypi,N/A,N/A,pytest_latest.txt,0,200,1557145270.5731797,1557145271.6128595,1.039679765701294
15,stack_analysis,GET,pypi,N/A,N/A,pytest_latest.txt,0,200,1557145271.6128595,1557145288.2270868,16.614227294921875
